Workbook

Sheet Assessment
A2: Q1 | B2: Clean up the data in "data: Employee" tab
B3: eg: Correct inconsistent date formats Remove special characters from names (Feel free to come up with more cleaning ideas)
A6: Q2 | B6: After cleaning the data in above task, complete the following summary table:
B7: Note: If department name is not present, substitute it with "Unknown" To calculate the bonus amount, use "data: Salary Bonus Calculation" (if Bonus % is not present, use 10% as default value)
A9: Note: | B9: Everything must be formula driven
B11: Department ID | C11: Department Name | D11: Number of employees in the department | E11: List of employees in the department | F11: Avg Salary of the employees in the department | G11: Total Bonus to be given
B12: D001 | C12: Sales | D12: 2 | E12: John Doe, Sam Patel
B13: D002 | D13: 2
B14: D003 | C14: IT | D14: 2
B15: D004 | D15: 2 | F15: ₹55,000
B16: D005 | D16: 1 | E16: Chris OBrien
B17: Unknown

Sheet data Employee
A1: Employee ID | B1: Name | C1: CLEANED NAME | D1: Department ID | E1: Join Date | F1: Salary
A2: 101 | B2: John Doe | C2: =TRIM(B2) -> John Doe | D2: D001 | E2: 43862 | F2: 50000
A3: 102 | B3: jane smith | C3: =PROPER(TRIM(B3)) -> Jane Smith | D3: D004 | E3: 44267 | F3: 55000
A4: 103 | B4: Mark@Johnson | C4: =PROPER(SUBSTITUTE(TRIM(B4), "@"," ")) -> Mark Johnson | D4: D003 | E4: 43961 | F4: 60000
A5: 104 | B5: Sam Patel | C5: =B5 -> Sam Patel | D5: D001 | E5: 44722 | F5: 48000
A6: 105 | B6: Emily, Brown | C6: =PROPER(SUBSTITUTE(TRIM(B6), ","," ")) -> Emily Brown | D6: D004 | E6: 44392 | F6: 52000
A7: 106 | B7: Chris O'Brien | C7: =SUBSTITUTE(TRIM(B7), "'", "") -> Chris OBrien | D7: D005 | E7: 44788 | F7: 49500
A8: 107 | B8: Robert Brown | C8: =B8 -> Robert Brown | D8: D002 | E8: 44525 | F8: 57500
A9: 108 | B9: Linda White | C9: =B9 -> Linda White | D9: Unknown | E9: 44681 | F9: 54000
A10: 109 | B10: James Black | C10: =B10 -> James Black | D10: D003 | E10: 44087 | F10: 61500
A11: 110 | B11: Sarah Miller | C11: =B11 -> Sarah Miller | D11: D001 | E11: 44539 | F11: 58000

Sheet data Department
A1: Department ID | B1: Department Name
A2: D001 | B2: Sales
A3: D002 | B3: Marketing
A4: D003 | B4: IT
A5: D004 | B5: HR
A6: D005 | B6: Finance

Sheet Summary
A1: Department ID | B1: Department Name | C1: Number of employees in the department | D1: List of employees in the department | E1: Avg Salary of the employees in the department | F1: Total Bonus to be given
A2: {=_xlfn.UNIQUE(_xlfn._xlws.FILTER(_xlfn.VSTACK('data Department'!A2:A6, 'data Employee'!D2:D11), _xlfn.VSTACK('data Department'!A2:A6, 'data Employee'!D2:D11)<>""))} -> D001 | B2: =IFERROR(VLOOKUP(A2,'data Department'!$A$2:$B$6,2,FALSE),"Unknown") -> Sales | C2: =COUNTIF('data Employee'!$D$2:$D$11, A2) -> 3 | D2: {=_xlfn.TEXTJOIN(", ", TRUE, IF('data Employee'!$D$2:$D$11=A2, 'data Employee'!$C$2:$C$11, ""))} -> John Doe, Sam Patel, Sarah Miller | E2: =IFERROR(AVERAGEIF('data Employee'!$D$2:$D$11, A2, 'data Employee'!$F$2:$F$11), "N/A") -> 52000 | F2: {=SUMPRODUCT( --('data Employee'!$D$2:$D$11=A2), IFERROR( VLOOKUP('data Employee'!$A$2:$A$11, '[1]data Salary Bonus Calculation'!$A$2:$D$11, 4, FALSE), 'data Employee'!$F$2:$F$11*0.1 ) )} -> 15600
A3: D002 | B3: =IFERROR(VLOOKUP(A3,'data Department'!$A$2:$B$6,2,FALSE),"Unknown") -> Marketing | C3: =COUNTIF('data Employee'!$D$2:$D$11, A3) -> 1 | D3: {=_xlfn.TEXTJOIN(", ", TRUE, IF('data Employee'!$D$2:$D$11=A3, 'data Employee'!$C$2:$C$11, ""))} -> Robert Brown | E3: =IFERROR(AVERAGEIF('data Employee'!$D$2:$D$11, A3, 'data Employee'!$F$2:$F$11), "N/A") -> 57500 | F3: {=SUMPRODUCT( --('data Employee'!$D$2:$D$11=A3), IFERROR( VLOOKUP('data Employee'!$A$2:$A$11, '[1]data Salary Bonus Calculation'!$A$2:$D$11, 4, FALSE), 'data Employee'!$F$2:$F$11*0.1 ) )} -> 5750
A4: D003 | B4: =IFERROR(VLOOKUP(A4,'data Department'!$A$2:$B$6,2,FALSE),"Unknown") -> IT | C4: =COUNTIF('data Employee'!$D$2:$D$11, A4) -> 2 | D4: {=_xlfn.TEXTJOIN(", ", TRUE, IF('data Employee'!$D$2:$D$11=A4, 'data Employee'!$C$2:$C$11, ""))} -> Mark Johnson, James Black | E4: =IFERROR(AVERAGEIF('data Employee'!$D$2:$D$11, A4, 'data Employee'!$F$2:$F$11), "N/A") -> 60750 | F4: {=SUMPRODUCT( --('data Employee'!$D$2:$D$11=A4), IFERROR( VLOOKUP('data Employee'!$A$2:$A$11, '[1]data Salary Bonus Calculation'!$A$2:$D$11, 4, FALSE), 'data Employee'!$F$2:$F$11*0.1 ) )} -> 12150
A5: D004 | B5: =IFERROR(VLOOKUP(A5,'data Department'!$A$2:$B$6,2,FALSE),"Unknown") -> HR | C5: =COUNTIF('data Employee'!$D$2:$D$11, A5) -> 2 | D5: {=_xlfn.TEXTJOIN(", ", TRUE, IF('data Employee'!$D$2:$D$11=A5, 'data Employee'!$C$2:$C$11, ""))} -> Jane Smith, Emily Brown | E5: =IFERROR(AVERAGEIF('data Employee'!$D$2:$D$11, A5, 'data Employee'!$F$2:$F$11), "N/A") -> 53500 | F5: {=SUMPRODUCT( --('data Employee'!$D$2:$D$11=A5), IFERROR( VLOOKUP('data Employee'!$A$2:$A$11, '[1]data Salary Bonus Calculation'!$A$2:$D$11, 4, FALSE), 'data Employee'!$F$2:$F$11*0.1 ) )} -> 10700
A6: D005 | B6: =IFERROR(VLOOKUP(A6,'data Department'!$A$2:$B$6,2,FALSE),"Unknown") -> Finance | C6: =COUNTIF('data Employee'!$D$2:$D$11, A6) -> 1 | D6: {=_xlfn.TEXTJOIN(", ", TRUE, IF('data Employee'!$D$2:$D$11=A6, 'data Employee'!$C$2:$C$11, ""))} -> Chris OBrien | E6: =IFERROR(AVERAGEIF('data Employee'!$D$2:$D$11, A6, 'data Employee'!$F$2:$F$11), "N/A") -> 49500 | F6: {=SUMPRODUCT( --('data Employee'!$D$2:$D$11=A6), IFERROR( VLOOKUP('data Employee'!$A$2:$A$11, '[1]data Salary Bonus Calculation'!$A$2:$D$11, 4, FALSE), 'data Employee'!$F$2:$F$11*0.1 ) )} -> 4950
A7: Unknown | B7: =IFERROR(VLOOKUP(A7,'data Department'!$A$2:$B$6,2,FALSE),"Unknown") -> Unknown | C7: =COUNTIF('data Employee'!$D$2:$D$11, A7) -> 1 | D7: {=_xlfn.TEXTJOIN(", ", TRUE, IF('data Employee'!$D$2:$D$11=A7, 'data Employee'!$C$2:$C$11, ""))} -> Linda White | E7: =IFERROR(AVERAGEIF('data Employee'!$D$2:$D$11, A7, 'data Employee'!$F$2:$F$11), "N/A") -> 54000 | F7: {=SUMPRODUCT( --('data Employee'!$D$2:$D$11=A7), IFERROR( VLOOKUP('data Employee'!$A$2:$A$11, '[1]data Salary Bonus Calculation'!$A$2:$D$11, 4, FALSE), 'data Employee'!$F$2:$F$11*0.1 ) )} -> 5400

Sheet data Salary Bonus Calculation 
A1: Employee ID | B1: Salary | C1: Bonus % | D1: Bonus Amount
A2: 101 | B2: ₹50,000 | C2: 0.1 | D2: =IF(ISNUMBER(10%),10%*50000,50000*0.1) -> 5000
A3: 102 | B3: ₹55,000 | D3: =IF(ISNUMBER(10%),10%*55000,55000*0.1) -> 5500
A4: 103 | B4: ₹60,000 | C4: 0.12 | D4: =IF(ISNUMBER(12%),12%*60000,60000*0.1) -> 7200
A5: 104 | B5: ₹48,000 | C5: 0.08 | D5: =IF(ISNUMBER(8%),8%*48000,48000*0.1) -> 3840
A6: 105 | B6: ₹52,000 | C6: - | D6: =IF(ISNUMBER(10%),10%*52000,52000*0.1) -> 5200
A7: 106 | B7: ₹49,500 | C7: 0.09 | D7: =IF(ISNUMBER(9%),9%*49500,49500*0.1) -> 4455
A8: 107 | B8: ₹57,500 | C8: 0.11 | D8: =IF(ISNUMBER(11%),11%*57500,57500*0.1) -> 6325
A9: 108 | B9: ₹54,000 | D9: =IF(ISNUMBER(10%),10%*54000,54000*0.1) -> 5400
A10: 109 | B10: ₹61,500 | C10: 0.13 | D10: =IF(ISNUMBER(13%),13%*61500,61500*0.1) -> 7995
A11: 110 | B11: ₹58,000 | C11: 0.1 | D11: =IF(ISNUMBER(10%),10%*58000,58000*0.1) -> 5800
